IDLicitacion;NombreLicitacion;Tipo;Estado;FechaPublicacion;Descripcion;CategoriaResiduo;ConfianzaClasificacion;Moneda;TipoPresupuesto;TipoMonto;MontoLicitacion;Organismo
1245440-23-LE25;SERVICIO DE RETIROS DE RESIDUOS NO PELIGROSOS UE;LE;Adjudicada a uno o varios proveedores;09/10/2025 10:26:00;SERVICIO DE RETIROS DE RESIDUOS NO PELIGROSOS EN UNIDADES EDUCATIVAS PERTENECIENTES A CMDS ANTOFAGASTA 2° ETAPA;no peligrosos;alta;CLP;NO PUBLICADO;DISPONIBLE;Entre 100 y 1000 UTM;CORP MUNICIPAL DE DESARROLLO SOCIAL DE A
1245440-15-CO25;SERVICIO DE RETIROS DE RESIDUOS NO PELIGROSOS UE;CO;Adjudicada a uno o varios proveedores;11/03/2025 15:31:15;La Corporación Municipal de Desarrollo Social de Antofagasta requiere contratar un servicio Retiro de residuos no peligrosos RNP a requerimiento ubicados en los establecimientos educacionales indicados en anexo 6: Las presentes Bases Administrativas, regulan el proceso de licitación PRIVADA forman parte de la adquisición que celebre la Corporación Municipal de Desarrollo Social de Antofagasta, en adelante CMDS, con el oferente adjudicado, a través del sistema de suma alzada.;no peligrosos;alta;CLP;PUBLICADO;DISPONIBLE;15.000.000;CORP MUNICIPAL DE DESARROLLO SOCIAL DE A
564162-57-L122;Retiro de residuos CECTA CDP 59194 de CC 11;L1;Adjudicada a uno o varios proveedores;07/07/2022 17:05:31;Retiro de residuos no peligrosos;no peligrosos;alta;CLP;PUBLICADO;DISPONIBLE;2.564.472;UNIVERSIDAD DE SANTIAGO DE CHILE
1057548-29-L122;CONVENIO SUMINISTRO  RETIRO DE ESCOMBROS / RESIDUOS NO PELIGROSOS Y PELIGROSOS ;L1;Adjudicada a uno o varios proveedores;04/07/2022 11:22:05;Las presentes EETT tienen por objetivo realizar la licitación del retiro de escombros y desechos  no peligrosos para el Hospital Juan Morey de la Unión. ;no peligrosos;alta;CLP;PUBLICADO;DISPONIBLE;5.500.000;SERVICIO DE SALUD VALDIVIA HOSPITAL LA U
872-19-L120;Retiro, transporte y disposición de residuos no peligrosos;L1;Adjudicada a uno o varios proveedores;19/03/2020 15:02:00;La Comisión Chilena de Energía Nuclear requiere efectuar retiro, transporte y disposición de residuos industriales No peligrosos para los Centros Nucleares de La Reina, y Lo Aguirre, ubicados  en Nueva Bilbao 12501, Las Condes y en  Ruta 68 km 22 (Pasado Peaje y Antes Túnel Lo Prado), Pudahuel respectivamente, para el periodo 2020.;no peligrosos;alta;CLP;NO PUBLICADO;ESTIMADO;Menor a 100 UTM;Comisión Chilena de Energía Nuclear
1002-2-LP22;SERVICIO DE TRANSPORTE RESIDUOS PELIGROSOS;LP;Adjudicada a uno o varios proveedores;06/01/2022 12:36:44;Convenio Servicio de Transporte de residuos peligrosos y disposición final de residuos no peligrosos  para la  Dirección de Vialidad Región de los lagos.;mixtas;alta;CLP;NO PUBLICADO;ESTIMADO;Igual o superior a 1.000 UTM e inferior a 2.000 UTM;MINISTERIO DE OBRAS PUBLICAS DIREC CION GRAL DE OO PP DCYF
3887-82-LE23;PREST. SERV. TRANSF. TRANSP. Y TRAT. DE RESIDUOS V;LE;Adjudicada a uno o varios proveedores;04/10/2023 11:48:21;SE REQUIERE LA PRESTACION DE SERVICIOS DE TRANSFERENCIA, TRANSPORTE Y TRATAMIENTO DE RESIDUOS VOLUMINOSOS Y RAEEs, SEGUN B.A.E., ESPECIFICACIONES TECNICAS Y ANEXOS ADM. ADJUNTOS.;no peligrosos;alta;CLP;PUBLICADO;DISPONIBLE;10.000.000;I MUNICIPALIDAD DE VILLARRICA
1943-32-L123;Servicio de retiro residuos sólidos no peligrosos;L1;Adjudicada a uno o varios proveedores;07/09/2023 11:41:08;Se requiere el servicio de retiro, transporte, inutilización y disposición final de residuos sólidos no peligrosos, equipos de protección personal, insumos operador motosierra, colchones con resorte y ropa de brigadas forestales.;no peligrosos;alta;CLP;PUBLICADO;ESTIMADO;4.500.000;CORP NACIONAL FORESTAL
3595-9-LE22;SERVICIO DE EXTRACCIÓN DE RESIDUOS;LE;Adjudicada a uno o varios proveedores;04/02/2022 15:22:29;Desde las fosas sépticas de la Municipalidad de Río Verde, ubicadas en la parte continental e isla Riesco, de acuerdo a Bases de licitación adjuntas.;no peligrosos;alta;CLP;PUBLICADO;DISPONIBLE;10.000.000;ILUSTRE MUNICIPALIDAD DE RIO VERDE
4162-36-LE21;SUMINISTRO DE RETIRO DE RESIDUOS DE LOS CESFAM;LE;Adjudicada a uno o varios proveedores;07/12/2021 12:47:24;CONTAR CON EL SUMINISTRO DE RETIRO Y ELIMINACION DE RESIDUOS PELIGROSOS PARA AMBOS CESFAM DE LA COMUNA DE DOÑIHUE;peligrosos;alta;CLP;NO PUBLICADO;ESTIMADO;Entre 100 y 1000 UTM;I MUNICIPALIDAD DE DONIHUE
1197594-55-LE22;SERVICIO EXTRACCIÓN RESIDUOS DOMICILIARIOS COCHRAN;LE;Adjudicada a uno o varios proveedores;07/06/2022 13:04:00;Se requiere contratar la extracción, recolección, transporte y disposición final de residuos sólidos domiciliarios en Relleno Sanitario de Cochrane;no peligrosos;alta;CLP;NO PUBLICADO;ESTIMADO;Entre 100 y 1000 UTM;I MUNICIPALIDAD DE COCHRANE
2511-18-L121;SERVICIO DE RETIRO RESIDUOS SOLIDOS NO PELIGROSOS;L1;Adjudicada a uno o varios proveedores;21/09/2021 17:13:43;SE REQUIERE EL SERVICIO DE “RETIRO, TRANSPORTE, INUTILIZACIÓN Y DISPOSICION FINAL DE RESIDUOS SOLIDOS NO PELIGROSOS – EQUIPOS DE PROTECCION PERSONAL, COLCHONETAS Y ROPA DE BRIGADISTAS FORESTALES;no peligrosos;alta;CLP;PUBLICADO;DISPONIBLE;4.200.000;CORP NACIONAL FORESTAL
3287-72-L124;Servicio de retiro de residuos no peligrosos.;L1;Adjudicada a uno o varios proveedores;21/08/2024 12:58:42;Lo anterior para retiro de residuos en la comuna de Licantén. ;no peligrosos;alta;CLP;PUBLICADO;DISPONIBLE;6.400.000;I MUNICIPALIDAD DE LICANTEN
956-120-LE24;Servicios de Retiro traslado y disposición final de escombros residuos voluminosos no compactables yo residuos vegetales vigencia 24 meses;LE;Adjudicada a uno o varios proveedores;12/06/2024 08:46:00;Servicios de Retiro, traslado y disposición final de escombros, residuos voluminosos no compactables y/o residuos vegetales, vigencia 24 meses;no peligrosos;alta;CLP;PUBLICADO;DISPONIBLE;6.200.000;SERVICIO DE SALUD VALPARAISO SAN ANTONIO
834259-16-LR24;SERVICIO MIXTO DE RECOLECCIÓN DE RESIDUOS SÓLIDOS;LR;Adjudicada a uno o varios proveedores;14/03/2024 15:14:51;SERVICIO MIXTO DE RECOLECCIÓN DE RESIDUOS SÓLIDOS;no peligrosos;alta;CLP;NO PUBLICADO;ESTIMADO;Igual o superior a 5.000 UTM;I MUNICIPALIDAD DE TENO
1426099-1-LE25;SERVICIO RETIRO DE RESIDUOS DOMICILIARIOS IP-IRC;LE;Adjudicada a uno o varios proveedores;12/02/2025 17:05:12;LA NECESIDAD DE CONTRATAR EL SERVICIO DE RETIRO DE RESIDUOS DOMICILIARIOS DEL IP-IRC CHOLCHOL.;no peligrosos;alta;CLP;PUBLICADO;DISPONIBLE;14.160.000;SERVICIO NACIONAL DE REINSERCION SOCIAL JUVENIL
1493-110-LE20;EXTRACCIÓN RESIDUOS DOMICILIARIOS SAN NICOLAS;LE;Adjudicada a uno o varios proveedores;28/10/2020 09:50:34;Consiste en la concesión de la extracción de los residuos domiciliarios en la comuna de San Nicolás, de acuerdo a lo indicado en las especificaciones tecnicas que se adjuntan.;no peligrosos;alta;CLP;PUBLICADO;DISPONIBLE;43.800.000;I MUNICIPALIDAD DE SAN NICOLAS
3693-60-LQ20;TRASVASE Y DISPOSICIÓN RSD EL QUISCO;LQ;Adjudicada a uno o varios proveedores;03/08/2020 15:56:09;SERVICIO DE TRASVASE, TRANSPORTE Y DISPOSICIÓN DE RESIDUOS SÓLIDOS DOMICILIARIOS Y ASIMILABLES DE LA COMUNA DE EL QUISCO;no peligrosos;alta;CLP;NO PUBLICADO;NO ES POSIBLE DE ESTIMAR;Igual o superior a 2.000 UTM e inferior a 5.000 UTM ;I MUNICIPALIDAD DE EL QUISCO
3220-51-LP24; RETIRO Y DISPOSICION FINAL DE RESIDUOS;LP;Adjudicada a uno o varios proveedores;25/06/2024 11:24:17; RETIRO Y DISPOSICION FINAL DE RESIDUOS;no peligrosos;media (inferencia);CLP;PUBLICADO;ESTIMADO;150.000.000;DIRECCION DE ABASTECIMIENTO DE LA ARMADA
3333-11-LE24;CONTRATO DE SUMINISTRO PLANTA DE TRATAMIENTO;LE;Adjudicada a uno o varios proveedores;09/02/2024 12:44:00;“CONTRATACIÓN DE SUMINISTROS POR SERVICIO DE RETIRO, TRASLADO Y DISPOSICIÓN FINAL DE LODOS PROVENIENTES DE LA PLANTA DE TRATAMIENTO DE AGUAS SERVIDAS Y SERVICIO DE MANTENCIÓ DE ALCANTARILLADO DE LA COMUNA DE OLMUÉ”;no peligrosos;alta;CLP;NO PUBLICADO;DISPONIBLE;Entre 100 y 1000 UTM;I MUNICIPALIDAD DE OLMUE
4829-53-CO25;CONVENIO DE SUMINISTRO DISPOSICION FINAL DE RSD;CO;Adjudicada a uno o varios proveedores;19/12/2025 16:07:07;SEGUN EL ARTICULO 3° LETRA F DE LA LEY N°18.695, ES FUNCION PRIVATIVA DE LAS MUNICIPALIDADES, EL ASEO Y ORNATO DE LA COMUNA, Y EN CONCRETO, LES CORRESPONDERÁ LA RECOLECCION, TRANSPORTE YO DISPOSICION FINAL DE RESIDUOS DOMICILIARIOS.;no peligrosos;alta;CLP;NO PUBLICADO;DISPONIBLE;Igual o superior a 100 UTM e inferior a 1000 UTM;ILUSTRE MUNICIPALIDAD DE ALTO BIOBIO
3328-158-LP19;Retiro de residuos hospitalarios no peligrosos;LP;Adjudicada a uno o varios proveedores;17/10/2019 11:42:35;Servicio de retiro, traslado y disposicion final de residuos hospitalarios asimilables a domiciliarios no peligrosos para el Hospital Clínico de la FACH.;mixtas;alta;CLP;NO PUBLICADO;ESTIMADO;Igual o superior a 1.000 UTM e inferior a 2.000 UTM;FUERZA AEREA DE CHILE COMANDO LOGISTICO
4195-23-LE22;EXTRACCIÓN DE LODO PARA LA COMUNA DE QUEMCHI;LE;Adjudicada a uno o varios proveedores;04/02/2022 13:46:00;SE REQUIERE ADQUIRIR CONTRATO DE SUMINISTRO PARA LA EXTRACCIÓN DE LODO PARA LA POBLACIÓN ILUSIÓN Y ESPERANZA, PADRE HURTADO Y DIVERSOS SECTORES URBANOS DE LA COMUNA DE QUEMCHI DURANTE EL AÑO 2022.;no peligrosos;alta;CLP;NO PUBLICADO;ESTIMADO;Entre 100 y 1000 UTM;I MUNICIPALIDAD DE QUEMCHI
2273-456-L120;RETIRO DE ESCOMBROS DC 1518 CPM ;L1;Adjudicada a uno o varios proveedores;23/10/2020 16:01:40;SOLICITADO POR TRANSITO;no peligrosos;alta;CLP;PUBLICADO;ESTIMADO;2.000.000;I MUNICIPALIDAD DE LA PINTANA
1048-100-LE23;Adq. Contenedores Plasticos de Residuos.;LE;Adjudicada a uno o varios proveedores;17/11/2023 14:02:47;Adquirir contenedores plásticos de residuos domiciliarios para la Comuna de El Tabo. Con el fin de mejorar y optimizar el servicio entregado a la comunidad, en la asistencia de recolección de residuos.;no peligrosos;alta;CLP;PUBLICADO;DISPONIBLE;27.000.000;I MUNICIPALIDAD DE EL TABO
4548-1-LQ21;Servicio de Apoyo Recolección y Transporte de Residuos Sólidos domiciliarios, Comuna de Quintero;LQ;Adjudicada a uno o varios proveedores;04/01/2021 19:54:00;“SERVICIO DE APOYO RECOLECCIÓN Y TRANSPORTE DE RESIDUOS SÓLIDOS DOMICILIARIOS, COMUNA DE QUINTERO” cuya vigencia será, respecto del camión de mayor tamaño, sólo hasta el 31 de marzo de 2021, y respecto del camión pequeño, hasta el 31 de diciembre de 2021. ;no peligrosos;alta;CLP;NO PUBLICADO;ESTIMADO;Igual o superior a 2.000 UTM e inferior a 5.000 UTM ;Ilustre Municipalidad de Quintero
872-31-L122;RETIRO, TRANSPORTE Y DISPOSICIÓN DE RESIDUOS INDUSTRIALES NO PELIGROSOS;L1;Adjudicada a uno o varios proveedores;28/03/2022 15:15:00;La Comisión Chilena de Energía Nuclear requiere efectuar retiro, transporte y disposición de residuos industriales No peligrosos para los Centros Nucleares de La Reina, ubicado en Nueva Bilbao 12501, Las Condes y CEN Lo Aguirre, ubicado en Ruta 68 - km 20, camino a Valparaíso (Pasado Peaje y Antes Túnel Lo Prado), Pudahuel, para el periodo 2022.;no peligrosos;media (inferencia);CLP;NO PUBLICADO;ESTIMADO;Menor a 100 UTM;Comisión Chilena de Energía Nuclear
3791-101-LE22;Servicio de Recolección de RSD en Raúl Marín 2023;LE;Adjudicada a uno o varios proveedores;28/11/2022 13:12:12;La presente licitación de Concesión de Servicios, consiste en tener un contrato de Concesión del Servicio de Extracción, Recolección y Disposición Final de Residuos Sólidos Domiciliarios de la Localidad de Puerto Raúl Marín Balmaceda, con estados de Pago mensuales y con duración hasta el 31 de diciembre de 2023;no peligrosos;alta;CLP;PUBLICADO;DISPONIBLE;926.500;I MUNICIPALIDAD DE CISNES
4776-35-LE24;SERVICIO DE RETIRO TRASLADO Y ELIMINACIÓN DE RESIDUOS HOSPITALARIOS PARA EL CENTRO DE REHABILITACIÓN CAPREDENA LA FLORIDA POR UN PERIODO DE 24 MESES;LE;Adjudicada a uno o varios proveedores;30/07/2024 11:26:06;El objeto de la presente licitación es la contratación del SERVICIO DE RETIRO, TRASLADO Y ELIMINACIÓN DE RESIDUOS HOSPITALARIOS PARA EL CENTRO DE REHABILITACIÓN CAPREDENA LA FLORIDA, por el período de 24 meses.;peligrosos;alta;CLP;PUBLICADO;DISPONIBLE;40.000.000;CAJA DE PREVISION DE LA DEFENSA NACIONAL
1057417-353-LQ23;CONVENIO DE RETIRO TRASLADO Y DISPOSICIÓN FINAL DE RESIDUOS DOMICILIARIOS DEL COMPLEJO ASISTENCIAL “DR. VÍCTOR RÍOS RUIZ” LOS ÁNGELES pbb;LQ;Adjudicada a uno o varios proveedores;02/01/2024 16:52:00;CONVENIO DE RETIRO TRASLADO Y DISPOSICIÓN FINAL DE RESIDUOS DOMICILIARIOS DEL COMPLEJO ASISTENCIAL “DR. VÍCTOR RÍOS RUIZ” LOS ÁNGELES pbb ;no peligrosos;alta;CLP;NO PUBLICADO;ESTIMADO;Igual o superior a 2.000 UTM e inferior a 5.000 UTM ;COMPLEJO ASISTENCIAL DR.VICTOR RIOS RUIZ
4372-65-LR20;Servicio de Recolección, Barrido  y Disposición Final de RSD Cauquenes;LR;Adjudicada a uno o varios proveedores;08/10/2020 16:56:00;La licitación contempla el servicio de recolección, transporte y disposición final de residuos solidos domiciliarios, barrido de calles, ferias libres  y otros servicios,  de la comuna de cauquenes, de acuerdo a especificaciones Técnicas y Bases.;no peligrosos;alta;CLP;NO PUBLICADO;DISPONIBLE;Igual o superior a 5.000 UTM;Ilustre Municipalidad de Cauquenes
3916-17-LE21;TRANSPORTE DE MATERIAL DE SUELO, RELLENO SANITARIO;LE;Adjudicada a uno o varios proveedores;28/09/2021 15:06:57;El objetivo de este Proyecto consiste en el transporte de material de tierra desde la cantera de acopio hasta el Relleno Sanitario Municipal, La distancia que deberá recorrer el móvil con el material de suelo, desde la Cantera señalada en la figura expuesta con antelación, hasta las dependencias del Relleno Sanitario, será de 2.5 Km de recorrido. El traslado del material procedente desde la cantera indicada en la figura presentada anteriormente, se debe realizar, con la finalidad de poder otorgar la debida cobertura sanitaria a los residuos domiciliarios que se depositan en las celdas de acopio, disponibles en las Instalaciones.;no peligrosos;alta;CLP;PUBLICADO;DISPONIBLE;11.000.000;I MUNICIPALIDAD DE TALTAL
1116005-6-L122;Servicios de Extracción de Lodos Planta Tratamiento Ad. Chaitén;L1;Adjudicada a uno o varios proveedores;01/07/2022 11:35:24;Dos servicios de Extracción de Lodos Planta Tratamiento de aguas servidas Aeródromo Nuevo Chaitén, para el año 2022, de acuerdo a Bases Técnicas;no peligrosos;alta;CLP;PUBLICADO;DISPONIBLE;3.850.000;DIRECCION GENERAL DE AERONAUTICA CIVIL
5520-1-LE22;servicio de retiro de basura y desechos industriales no peligrosos;LE;Adjudicada a uno o varios proveedores;03/01/2022 15:29:04;Por el presente instrumento, IDIEM licita la contratación del servicio de retiro de basura y desechos industriales residuos no peligrosos, por un periodo de 24 meses o hasta la total utilización de los recursos destinados, cualquiera de las circunstancias que se verifique primero, según las características que se han definido en las presentes bases administrativas, bases técnicas y anexos.;no peligrosos;alta;CLP;NO PUBLICADO;DISPONIBLE;Entre 100 y 1000 UTM;UNIVERSIDAD DE CHILE
3445-3-LE24;DISPOSICION FINAL DE RESIDUO SOLIDOS DOMICILIARIOS;LE;Adjudicada a uno o varios proveedores;04/01/2024 15:49:47;La necesidad de contratar los servicios de un relleno sanitario que cuente con las autorizaciones y certificados del servicio salud correspondiente, en donde se pueda trasladar mensualmente los residuos domiciliarios  por un periodo de 12 meses;no peligrosos;alta;CLP;NO PUBLICADO;DISPONIBLE;Entre 100 y 1000 UTM;I MUNICIPALIDAD DE RINCONADA
576181-2-LE21;CONTRATO SERVICIO DE EXTRACCIÓN DE RESIDUOS LÍQUIDOS;LE;Adjudicada a uno o varios proveedores;26/03/2021 10:13:00;CONTRATO SERVICIO DE EXTRACCIÓN DE RESIDUOS LÍQUIDOS (SEPTICOS);no peligrosos;alta;CLP;NO PUBLICADO;ESTIMADO;Entre 100 y 1000 UTM;DIRECCION DE ABASTECIMIENTO DE LA ARMADA
3565-35-LR21;CONCESION SERVICIO RECOLECCION, TRASNPORTE Y DISPOSICION EN VERTEDERO - 2DO. LLAMADO;LR;Adjudicada a uno o varios proveedores;22/03/2021 15:32:23;Las presentes bases administrativas establecen las condiciones y normas que reglamentaran la Concesión de Servicios para la Recolección, Trasporte y Disposición en Vertedero, Relleno Sanitario o Estación de Transferencia de Residuos Solidos Domiciliarios Comuna de Teodoro Schmidt , para el periodo comprendido entre el 02.05.2021 al 31.12.2024, según especificaciones técnicas preparadas para tal efecto;no peligrosos;alta;CLP;PUBLICADO;DISPONIBLE;165.000.000;ILUSTRE MUNICIPALIDAD TEODORO SCHMIDT
2342-109-LR23;CONCESIÓN PARA LA PRESTACIÓN DE LOS SERVICIOS DE RECOLECCIÓN Y TRANSPORTE DE ESCOMBROS RAMAS MICROBASURALES Y OTROS;LR;Adjudicada a uno o varios proveedores;16/11/2023 14:31:00;CONCESIÓN PARA LA PRESTACIÓN DE LOS SERVICIOS DE RECOLECCIÓN Y TRANSPORTE DE ESCOMBROS, RAMAS, MICROBASURALES Y OTROS;no peligrosos;alta;CLP;NO PUBLICADO;DISPONIBLE;Igual o superior a 5.000 UTM;I MUNICIPALIDAD DE SAN BERNARDO
872-93-LE22;Servicio Gestión de Residuos Domiciliarios CCHEN;LE;Adjudicada a uno o varios proveedores;23/11/2022 14:40:14;La Comisión Chilena de Energía Nuclear CCHEN requiere contratar el servicio de acopio, retiro y disposición final de residuos domiciliarios. El contrato por este servicio tendrá una duración de 24 meses.;no peligrosos;alta;CLP;NO PUBLICADO;DISPONIBLE;Entre 100 y 1000 UTM;Comisión Chilena de Energía Nuclear
3445-51-LE25;DISPOSICION FINAL DE RESIDUOS SOLIDOS DOMICILIARIO;LE;Adjudicada a uno o varios proveedores;12/11/2025 15:58:23;Se requiere contratar los servicios de un relleno sanitario que cuente con las autorizaciones y certificados del servicio de salud correspondiente, en donde se pueda trasladar mensualmente los residuos domiciliarios de los habitantes de la comuna de Rinconada por un periodo de 10 meses a contar de la adjudicación.;no peligrosos;alta;CLP;NO PUBLICADO;DISPONIBLE;Entre 100 y 1000 UTM;I MUNICIPALIDAD DE RINCONADA
2258-134-LE24;SERVICIO DE RETIRO TRASLADO Y DISPOSICION FINAL;LE;Adjudicada a uno o varios proveedores;09/07/2024 18:53:14;El objetivo cumplir con el fin asistencial el Servicio de Salud de Antofagasta a través del Hospital Regional de Antofagasta, requiere la contratación de compra de “Servicios de Retiro, Traslado y Disposición Final de Residuos Sólidos asimilables a domiciliarios para el Hospital Regional de Antofagasta”, lo cual se encuentra enmarcado dentro de la gestión ministerial impulsado por el Ministerio de Salud.;no peligrosos;alta;CLP;NO PUBLICADO;DISPONIBLE;Entre 100 y 1000 UTM;SERVICIO DE SALUD ANTOFAGASTA HOSPITAL L
1191688-123-LE22;Servicio de Retiro de Escombro Prog. Vivero M.;LE;Adjudicada a uno o varios proveedores;23/09/2022 10:27:59;Se requiere servicio de retiro de escombros de 2275 m3, con traslado a botadero autorizado, el servicio debe incluir conductores, maquinaria, combustible y todo lo necesario para cumplir con lo solicitado, plazo máximo de 30 días corridos, se realizara visita a terreno.;no peligrosos;alta;CLP;NO PUBLICADO;DISPONIBLE;Entre 100 y 1000 UTM;I MUNICIPALIDAD DE LA COMUNA DE EL BOSQUE
3791-59-LE20;Servicio de Recolección de RSD en Puerto Gaviota 2021;LE;Adjudicada a uno o varios proveedores;27/11/2020 17:31:38;Servicios de recolección, transporte y disposición final de los Residuos Sólidos Domiciliarios en la Localidad de Puerto Gaviota, Comuna de Cisnes, año 2021;no peligrosos;alta;CLP;PUBLICADO;DISPONIBLE;490.000;I MUNICIPALIDAD DE CISNES
966131-87-LE22;Contratación de Servicios de camión combinado para retiro de aguas y lodo en Planta ubicada en el Sector de Rilan;LE;Adjudicada a uno o varios proveedores;03/10/2022 15:40:16;La presente licitación consiste en la “Contratación de Servicios de camión combinado para retiro de aguas y lodo en Planta ubicada en el Sector de Rilan”, todo según los antecedentes adjuntos en el portal www.mercadopublico.cl.;no peligrosos;alta;CLP;PUBLICADO;DISPONIBLE;7.000.000;I MUNICIPALIDAD DE CASTRO
4494-66-LR21;DISPOSICIÓN FINAL DE RESIDUOS SÓLIDOS;LR;Adjudicada a uno o varios proveedores;12/11/2021 13:28:36;LA PRESENTE LICITACIÓN TIENE POR OBJETO LA CONTRATACIÓN DEL SERVICIO DE DISPOSICIÓN FINAL DE LOS RESIDUOS SÓLIDOS DE LA COMUNA DE PENCO, GENERADOS EN LAS ACTIVIDADES DE RECOLECCIÓN DE RESIDUOS SÓLIDOS DOMICILIARIOS Y ASIMILABLES, BARRIDO Y MANTENCIÓN DE LOS BIENES NACIONALES DE USO PÚBLICO ADMINISTRADOS POR EL MUNICIPIO DE PENCO.;no peligrosos;alta;CLP;PUBLICADO;ESTIMADO;250.000.000;I MUNICIPALIDAD DE PENCO
3020-26-LR21;CONCESIÓN SERVICIOS DE GESTIÓN INTEGRAL DE RESIDUOS DE LA COMUNA DE LOTA;LR;Adjudicada a uno o varios proveedores;03/12/2021 12:50:00;CONCESIONAR LOS SERVICIOS DE GESTION INTEGRAL DE RESIDUOS EN LA COMUNA DE LOTA, CONSISTENTE EN LA LIMPIEZA, BARRIDO DE VÍAS Y ESPACIOS PÚBLICOS, RECOLECCIÓN DE RESIDUOS SÓLIDOS DOMICILIARIOS, TRASLADO  Y DISPOSICIÓN FINAL DE ESTOS AL RELLENO SANITARIO.;no peligrosos;alta;CLP;PUBLICADO;ESTIMADO;141.000.000;I MUNICIPALIDAD DE LOTA
4548-134-LP19;SERVICIO DE APOYO RECOLECCION Y TRANSPORTE DE RESI;LP;Adjudicada a uno o varios proveedores;06/12/2019 11:11:44;SERVICIO DE APOYO RECOLECCIÓN Y TRANSPORTE DE RESIDUOS SÓLIDOS DOMICILIARIOS, COMUNA DE QUINTERO” cuya vigencia será hasta el 31 de marzo de 2020.;no peligrosos;alta;CLP;NO PUBLICADO;DISPONIBLE;Igual o superior a 1.000 UTM e inferior a 2.000 UTM;Ilustre Municipalidad de Quintero
1116005-1-L123;Extracción de lodos de la planta de aguas servidas del Aeródromo Nuevo Chaitén;L1;Adjudicada a uno o varios proveedores;27/01/2023 14:13:30;Extracción de lodos de la planta de aguas servidas del Aeródromo Nuevo Chaitén  LA DGAC APLICA UN IMPUESTO DEL 2%  SOBRE EL TOTAL FACTURADO, DE ACUERDO AL ARTICULO N°37, DE LA LEY 16.752.  FACTURA ELECTRÓNICA: UNA VEZ VALIDADA POR EL SII, EL PROVEEDOR U OFERENTE, DEBERÁ HACER LLEGAR LAS FACTURAS ELECTRÓNICAS EN FORMATO XML AL MAIL DTE.RECEPCION@DGAC.GOB.CL;no peligrosos;alta;CLP;PUBLICADO;ESTIMADO;4.500.000;DIRECCION GENERAL DE AERONAUTICA CIVIL
576181-2-LE23;SERVICIO DE EXTRACCIÓN DE RESIDUOS LÍQUIDOS;LE;Adjudicada a uno o varios proveedores;21/02/2023 11:48:55;CONTRATO SERVICIO DE EXTRACCIÓN DE RESIDUOS LÍQUIDOS;no peligrosos;alta;CLP;NO PUBLICADO;ESTIMADO;Entre 100 y 1000 UTM;DIRECCION DE ABASTECIMIENTO DE LA ARMADA
3020-5-LR20;CONCESION DE LOS SERVICIOS DE GESTION INTEGRAL DE RESIDUOS EN LA COMUNA DE LOTA;LR;Adjudicada a uno o varios proveedores;19/02/2020 15:18:17;CONCESIONAR LOS SERVICIOS DE GESTION INTEGRAL DE RESIDUOS EN LA COMUNA DE LOTA, CONSISTENTE EN LA LIMPIEZA, BARRIDO DE VÍAS Y ESPACIOS PÚBLICOS, RECOLECCIÓN DE RESIDUOS SÓLIDOS DOMICILIARIOS, TRASLADO  Y DISPOSICIÓN FINAL DE ESTOS AL RELLENO SANITARIO.;no peligrosos;alta;CLP;NO PUBLICADO;DISPONIBLE;Igual o superior a 5.000 UTM;MUNICIPALIDAD DE LOTA
4776-21-LP22;SERVICIO DE RETIRO Y DISPOSICIÓN FINAL DE RESIDUOS SÓLIDOS PARA EL CENTRO DE REHABILITACIÓN CAPREDENA LA FLORDA POR 24 MESES;LP;Adjudicada a uno o varios proveedores;15/07/2022 13:33:00;El objeto de la presente licitación es contratar el SERVICIO DE RETIRO Y DISPOSICIÓN FINAL DE RESIDUOS SÓLIDOS PARA EL CENTRO DE REHABILITACIÓN CAPREDENA LA FLORIDA, por un periodo de 24 meses;no peligrosos;alta;CLP;NO PUBLICADO;DISPONIBLE;Igual o superior a 1.000 UTM e inferior a 2.000 UTM;CAJA DE PREVISION DE LA DEFENSA NACIONAL
438-35-LR23;CONCESION PARA SERVICIO DE LIMPIEZA EXTRACCION Y TRANSPORTE DE RESIDUOS DE FERIAS LIBRES Y NAVIDEÑAS COMUNA DE SAN RAMON;LR;Adjudicada a uno o varios proveedores;05/05/2023 13:12:00;ESTA PROPUESTA CONSISTE EN CONTRATAR LA CONCESION PARA SERVICIO DE LIMPIEZA, EXTRACCION Y TRANSPORTE DE RESIDUOS DE FERIAS LIBRES, Y NAVIDEÑAS, COMUNA DE SAN RAMON;no peligrosos;alta;CLP;PUBLICADO;ESTIMADO;1.680.000.000;I MUNICIPALIDAD DE SAN RAMON
2743-24-LR24;“SERVICIO DE RECOLECCIÓN Y TRANSPORTE DE RESIDUOS SÓLIDOS DOMICILIARIOS Y ASIMILABLES DE LA COMUNA DE ANGOL”;LR;Adjudicada a uno o varios proveedores;08/04/2024 08:25:00;objetivo definir y esbozar en detalle los requerimientos estipulados por el Municipio de Angol, para la contratación del SERVICIO DE RECOLECCIÓN Y TRANSPORTE DE RESIDUOS SÓLIDOS DOMICILIARIOS Y ASIMILABLES DE LA COMUNA DE ANGOL. La concesión del servicio tiene como principal finalidad mantener el aseo, higiene, salubridad y la estética de la comuna de Angol.;no peligrosos;alta;CLP;NO PUBLICADO;DISPONIBLE;Igual o superior a 5.000 UTM;I MUNICIPALIDAD DE ANGOL
721-35-LE22;DSG Servicio a Vertedero retiro-traslado-final;LE;Adjudicada a uno o varios proveedores;28/10/2022 14:09:32;CAPREDENA requiere de la contratación del servicio de retiro, transporte a vertedero y disposición final de bienes muebles en mal estado y de residuos peligrosos desde las dependencias de CAPREDENA, ubicada en Calle Bulnes 120, Zenteno N°105 Casa Matriz y Calle Zenteno N°184186, comuna y ciudad de Santiago. ;peligrosos;alta;CLP;PUBLICADO;DISPONIBLE;9.000.000;CAJA DE PREVISION DE LA DEFENSA NACIONAL
3791-2-LE23;Concesión Servicio de Recolección de RSD en Puerto Gala 2023;LE;Adjudicada a uno o varios proveedores;05/01/2023 15:54:27;Servicios de recolección, transporte y disposición final de los Residuos Sólidos Domiciliarios en la Localidad de Puerto Gala, Comuna de Cisnes, para el año 2023;no peligrosos;alta;CLP;NO PUBLICADO;DISPONIBLE;Entre 100 y 1000 UTM;I MUNICIPALIDAD DE CISNES
438-86-LR24;CONCESION DEL SERVICIO DE RECOLECCION Y TRANSPORTE DE RESIDUOS SOLIDOS DOMICILIARIOS COMUNA DE SAN RAMON - Readjudicada en Id 438-86-R124;LR;Adjudicada a uno o varios proveedores;19/06/2024 20:54:32;ESTA PROPUESTA PUBLICA CONSISTE EN LA CONCESION DEL SERVICIO DE RECOLECCION Y TRANSPORTE DE RESIDUOS SOLIDOS DOMICILIARIOS, COMUNA DE SAN RAMON;no peligrosos;alta;CLP;NO PUBLICADO;DISPONIBLE;Igual o superior a 5.000 UTM;I MUNICIPALIDAD DE SAN RAMON
840405-12-LR22;CONCESION DEL SERVICIO DE BARRIDO DE CALLES RECOLECCION TRANSPORTE Y DISPOSICION FINAL DE RESIDUOS SOLIDOS DOMICILIARIOS DE LA COMUNA DE RIO CLARO 2023;LR;Adjudicada a uno o varios proveedores;09/03/2023 17:31:00;CONCESION DEL SERVICIO DE BARRIDO DE CALLES RECOLECCION TRANSPORTE Y DISPOSICION FINAL DE RESIDUOS SOLIDOS DOMICILIARIOS DE LA COMUNA DE RIO CLARO 2023;no peligrosos;alta;CLP;NO PUBLICADO;ESTIMADO;Igual o superior a 5.000 UTM;I MUNICIPALIDAD DE RIO CLARO
2597-24-LR24;CONCESION RECOLECCION RSD COMUNA DE CONCON;LR;Adjudicada a uno o varios proveedores;11/04/2024 09:56:00;La Municipalidad de CONCON requiere la contratación de servicio de concesión relacionadas con la recolección, transporte y disposición final de residuos sólidos domiciliarios y o asimilables, se trata de servicios esenciales que deberán seguir ejecutándose, de manera constante, permanente y sin interrupciones de ninguna naturaleza, incluso bajos estados de excepción constitucional.;no peligrosos;alta;CLP;NO PUBLICADO;DISPONIBLE;Igual o superior a 5.000 UTM;I MUNICIPALIDAD DE CONCON
4162-14-L125;SUMINISTRO DE SERVICIOS DE RETIRO RESIDUOS PELIGRO;L1;Adjudicada a uno o varios proveedores;10/04/2025 13:26:25;La Municipalidad de Doñihue, a través de su Departamento de Salud Municipal, invita a los proveedores de Chile Compra a participar del proceso de Licitación Publica denominado ADQUISICION DE SERVICIOS DE RETIRO REAS, con objetivo de adquirir el servicio de retiro de reas en los Centros de Salud Familiar de Doñihue y Lo Miranda que obligatoriamente debe contemplar manual y normas establecida por autoridad sanitaria, de lo contrario se solicita NO participar.;peligrosos;alta;CLP;NO PUBLICADO;DISPONIBLE;Menor a 100 UTM;I MUNICIPALIDAD DE DONIHUE
872-104-LE20;Servicio Gestión de Residuos Domiciliarios CCHEN;LE;Adjudicada a uno o varios proveedores;01/10/2020 10:03:28;La Comisión Chilena de Energía Nuclear CCHEN requiere contratar el servicio de acopio, retiro y disposición final de residuos domiciliarios. El Servicio debe realizarse en dependencias de la CCHEN, estas son:  -	Centro de Estudios Nucleares La Reina CEN La Reina Avda. Nueva Bilbao N° 12.501, Las Condes.  -	Centro de Estudios Nucleares Lo Aguirre CEN Lo Aguirre Ruta 68, Km. 20, Pudahuel después del Peaje y antes del Túnel Lo Prado.  -	Sede Amunátegui Amunátegui N° 95, Santiago.;no peligrosos;alta;CLP;NO PUBLICADO;ESTIMADO;Entre 100 y 1000 UTM;Comisión Chilena de Energía Nuclear
4113-49-LR20;SERV.RECOLECC.RESID.SÓLIDOS DOMICILIARIOS AÑO 2021;LR;Adjudicada a uno o varios proveedores;30/11/2020 11:47:21;LICITACIÓN PÚBLICA, PARA LA CONCESIÓN DENOMINADA SERVICIO DE RECOLECCION, TRANSPORTE Y DISPOSICIÓN FINAL DE RESIDUOS DOMICILIARIOS, Y OTROS, COMUNA DE MELIPEUCO CORRESPONDIENTE A LA RECOLECCION, TRANSPORTE Y DISPOSICION FINAL DE RESIDUOS DOMICILIARIOS, COMERCIALES, INDUSTRIALES DE ORIGEN DOMESTICO, VOLUMINOSOS Y OTROS Y SU TRANSPORTE A LUGAR DE DISPOSICIÓN FINAL QUE LA EMPRESA OFERTE.;no peligrosos;alta;CLP;NO PUBLICADO;DISPONIBLE;Igual o superior a 5.000 UTM;Ilustre Municipalidad de Melipeuco
3791-62-LE20;Servicio de Recolección de RSD en Raúl Marín 2021, L2;LE;Adjudicada a uno o varios proveedores;17/12/2020 16:08:11;La presente licitación de Concesión de Servicios, consiste en tener un contrato de Concesión del Servicio de Extracción, Recolección y Disposición Final de Residuos Sólidos Domiciliarios de la Localidad de Puerto Raúl Marín Balmaceda, con estados de Pago mensuales y con duración hasta el 31 de diciembre de 2021;no peligrosos;alta;CLP;NO PUBLICADO;DISPONIBLE;Entre 100 y 1000 UTM;Ilustre Municipalidad de Cisnes
3565-1-LR21;CONCESION SERVICIO RECOLECCION, TRASNPORTE Y DISPOSICION EN VERTEDERO;LR;Adjudicada a uno o varios proveedores;08/01/2021 16:11:00;LAS PRESENTES BASES ADMINISTRATIVAS ESTABLECEN LAS CONDICIONES Y NORMAS QUE REGLAMENTARAN LA CONCESION DE SERVICIOS  PARA LA RECOLECCION, TRANSPORTE Y DISPOSICIÓN EN VERTEDERO, RELLENO SANITARIO O ESTACION DE TRANSFERENCIA DE RESIDUOS SOLIDOS DOMICILIARIOS COMUNA DE TEODORO SCHMIDT, para el periodo 02.05.2021 al 31.12.2024, según especificaciones técnicas preparadas para tal efecto. Los requerimientos específicos, se encuentran detallados en las  Especificaciones Técnicas, en adelante EE.TT;no peligrosos;alta;CLP;PUBLICADO;DISPONIBLE;190.000.000;ILUSTRE MUNICIPALIDAD TEODORO SCHMIDT
4548-62-LP20;“SERVICIO DE ASEO, APOYO RECOLECCIÓN Y TRANSPORTE DE RESIDUOS SÓLIDOS DOMICILIARIOS CON CARACTERÍSTICAS ESPECIALES”;LP;Adjudicada a uno o varios proveedores;01/09/2020 09:00:00;“SERVICIO DE ASEO, APOYO RECOLECCIÓN Y TRANSPORTE DE RESIDUOS SÓLIDOS DOMICILIARIOS CON CARACTERÍSTICAS ESPECIALES”;no peligrosos;alta;CLP;NO PUBLICADO;DISPONIBLE;Igual o superior a 1.000 UTM e inferior a 2.000 UTM;Ilustre Municipalidad de Quintero
438-33-LR19;CONCESION DEL SERVICIO DE RECOLECCION Y TRANSPORTE DE RESIDUOS SÓLIDOS DOMICILIARIOS, COMUNA DE SAN RAMÓN ;LR;Adjudicada a uno o varios proveedores;30/10/2019 14:18:00;ESTA PROPUESTA CONSISTE EN LA CONCESIÓN DEL SERVICIO DE RECOLECCIÓN Y TRANSPORTE DE RESIDUOS SÓLIDOS DOMICILIARIOS, COMUNA DE SAN RAMÓN ;no peligrosos;alta;CLP;PUBLICADO;DISPONIBLE;2.400.000.000;Municipalidad de San Ramon
3445-58-LE22;DISPOSICION FINAL DE RESIDUOS DOMICILIARIOS;LE;Adjudicada a uno o varios proveedores;05/08/2022 11:42:02;LA NECESIDAD DEL DEPARTAMENTO DE OBRAS DE LA MUNICIPALIDAD DE RINCONADA DE CONTAR CON EL SERVISIO DE TRASLADO DE RESIDUOS DEL PROYECTO DISPOSICION FINAL DE RESIDUOS DOMICILIARIOS SEGUN BASES ADJUNTAS;no peligrosos;alta;CLP;NO PUBLICADO;DISPONIBLE;Entre 100 y 1000 UTM;I MUNICIPALIDAD DE RINCONADA
3791-87-LE19;Servicio de Recolección de RSD en Puerto Gaviota 2020;LE;Adjudicada a uno o varios proveedores;06/12/2019 16:51:12;Servicios de recolección, transporte y disposición final de los Residuos Sólidos Domiciliarios en la Localidad de Puerto Gaviota, Comuna de Cisnes, año 2020;no peligrosos;alta;CLP;PUBLICADO;DISPONIBLE;462.000;Ilustre Municipalidad de Cisnes
3791-63-LE20;Concesión Servicio de Recolección de RSD en Puerto Gala 2021 L2;LE;Adjudicada a uno o varios proveedores;18/12/2020 16:20:58;Servicios de recolección, transporte y disposición final de los Residuos Sólidos Domiciliarios en la Localidad de Puerto Gala, Comuna de Cisnes, para el año 2021;no peligrosos;alta;CLP;PUBLICADO;DISPONIBLE;700.000;I MUNICIPALIDAD DE CISNES
4973-5-LE23;SERV DISP FINAL DE RESIDUOS SOLIDOS VIZCACHAS MOP;LE;Adjudicada a uno o varios proveedores;19/06/2023 16:10:00;El objetivo de este Servicio es el oportuno retiro de residuos sólidos domiciliarios que genera el Complejo Deportivo las Vizcachas dentro de sus dependencias, por un período de 24 meses.;no peligrosos;alta;UF;PUBLICADO;ESTIMADO;7.500.000,0000;MINISTERIO DE OBRAS PUBLICAS DIREC CION GRAL DE OO PP DCYF
3791-100-LE22;Servicio de Recolección de RSD en Puerto Gaviota 2023;LE;Adjudicada a uno o varios proveedores;28/11/2022 12:20:38;Servicios de recolección, transporte y disposición final de los Residuos Sólidos Domiciliarios en la Localidad de Puerto Gaviota, Comuna de Cisnes, año 2023.;no peligrosos;alta;CLP;NO PUBLICADO;DISPONIBLE;Entre 100 y 1000 UTM;I MUNICIPALIDAD DE CISNES
4776-34-LP24;SERVICIO DE RETIRO Y DISPOSICIÓN FINAL DE RESIDUOS SÓLIDOS PARA EL CENTRO DE REHABILITACIÓN CAPREDENA LA FLORIDA POR UN PERIODO DE 24 MESES;LP;Adjudicada a uno o varios proveedores;25/07/2024 09:15:00;El objeto de la presente licitación es la contratación del SERVICIO DE RETIRO Y DISPOSICIÓN FINAL DE RESIDUOS SÓLIDOS PARA EL CENTRO DE REHABILITACIÓN CAPREDENA LA FLORIDA, por un período de 24 meses;no peligrosos;alta;CLP;PUBLICADO;DISPONIBLE;70.000.000;CAJA DE PREVISION DE LA DEFENSA NACIONAL
872-120-LE24;Servicio Retiro y Disp. de residuos domiciliarios;LE;Adjudicada a uno o varios proveedores;17/12/2024 15:57:00;La Comisión Chilena de Energía Nuclear CCHEN requiere contratar el servicio de acopio, retiro y disposición final de residuos domiciliarios.   El servicio se solicita por un período de 24 meses. E1O2RT9;no peligrosos;alta;CLP;NO PUBLICADO;DISPONIBLE;Entre 100 y 1000 UTM;Comisión Chilena de Energía Nuclear
229-108-LR21;SERVICIO RECEPCION Y DISPOSICIÓN FINAL DE RESIDUOS;LR;Adjudicada a uno o varios proveedores;30/06/2021 17:24:12;Las presentes Bases tienen como finalidad regular los aspectos administrativos, técnicos económicos del proceso de licitación contratación por parte de la Ilustre Municipalidad de Coihueco, del Servicio de Recepción Disposición final de Residuos Sólidos Domiciliarios  servicio requerido en términos normativos de parte de proveedor debidamente autorizado por parte de la institucionalidad pública competente. Se busca junto con ello la mejor opción económica de calidad en la prestación del servicio. Entendiéndose como mejor opción económica no solamente al costo por recepción de Residuos Sólidos Domiciliarios por parte del oferente, sino que también el Municipio busca optimizar las distancias costos de traslado hacia el vertedero con los camiones que trasladan los residuos domiciliarios de la comuna.;no peligrosos;alta;CLP;PUBLICADO;DISPONIBLE;350.000.000;I MUNICIPALIDAD DE COIHUECO
438-15-LR25;CONCESION DEL SERVICIO DE RECOLECCION Y TRANSPORTE DE RESIDUOS SOLIDOS DOMICILIARIOS COMUNA DE SAN RAMON;LR;Adjudicada a uno o varios proveedores;06/02/2025 15:53:00;ESTA PROPUESTA CONCISTE EN CONTRATAR LA CONCESION DEL SERVICIO DE RECOLECCION Y TRANSPORTE DE RESIDUOS SOLIDOS DOMICILIARIOS, COMUNA DE SAN RAMON;no peligrosos;alta;CLP;PUBLICADO;DISPONIBLE;4.080.000.000;I MUNICIPALIDAD DE SAN RAMON
4973-16-LE25;SERV DISP FINAL DE RESIDUOS SOLIDOS VIZCACHAS MOP;LE;Adjudicada a uno o varios proveedores;21/07/2025 14:19:02;La Subsecretaría de Obras Públicas en adelante, SOP, requiere la Contratación del Servicio de arriendo de Tolva, retiro y disposición final de residuos sólidos y domiciliarios de las dependencias del Complejo Deportivo las Vizcachas, dependiente del Servicio de Bienestar del MOP, con el objetivo de mantener las condiciones de limpieza y salubridad.;no peligrosos;alta;UF;PUBLICADO;ESTIMADO;10.000.000,0000;MINISTERIO DE OBRAS PUBLICAS DIREC CION GRAL DE OO PP DCYF
4195-12-L125;SUMINISTRO EXTRACCION LODO LIMPIEZA ALCANTARILLADO;L1;Adjudicada a uno o varios proveedores;26/03/2025 11:25:04;SE REQUIERE ADQUIRIR CONTRATO DE SUMINISTRO DE EXTRACCION DE LODOS Y LIMPIEZA DE ALCANTARILLADO AÑO 2025;no peligrosos;alta;CLP;NO PUBLICADO;ESTIMADO;Menor a 100 UTM;I MUNICIPALIDAD DE QUEMCHI
2392-77-LR25;Servicio de Recolección de Residuos no Peligrosos;LR;Adjudicada a uno o varios proveedores;16/10/2025 14:14:00;La contratación tiene como objetivo principal el levante y la recolección de residuos sólidos no peligrosos como voluminosos, escombros y microbasurales existentes en la vía pública y en otros puntos definidos por la Inspección Técnica del Servicio, como aquellos residuos derivados de instituciones, incendios, casos sociales y trastornos de acumulación.;no peligrosos;alta;CLP;NO PUBLICADO;ESTIMADO;Igual o superior a 5.000 UTM;I MUNICIPALIDAD PEDRO AGUIRRE CERDA
1245440-5-LE24;SERVICIOS DE ASEOS Y RETIROS DE RESIDUOS NO PELIGR;LE;Adjudicada a uno o varios proveedores;19/02/2024 13:37:00;SERVICIOS DE ASEOS Y RETIROS DE RESIDUOS NO PELIGROSOS EN LAS UNIDADES EDUCATIVAS Y JARDINES VTF PERTENECIENTES A LA CORPORACION MUNICIPAL DE DESARROLLO SOCIAL DE ANTOFAGASTA;no peligrosos;alta;CLP;NO PUBLICADO;DISPONIBLE;Entre 100 y 1000 UTM;CORP MUNICIPAL DE DESARROLLO SOCIAL DE A
1488-21-LE20;Propuesta Pública Nº 86-20 denominada “CONTRATACION SERVICIO DE TRASLADO DE RADIOACTIVOS DEL HOSPITAL DR. HERNÀN HENRÍQUEZ ARAVENA DE TEMUCO”;LE;Adjudicada a uno o varios proveedores;13/02/2020 12:04:00;Se requiere contratar el Servicio de Traslado Sustancias Radioactivo, en adelante el Servicio, desde el Aeropuerto Internacional hasta el Hospital ubicado en Montt N° 115, Temuco, deberá contemplar políticas de protección radiológica internas y que cumplan con las normativas vigente para el transporte de sustancias peligrosas, haciendo que el manejo y traslado de material radioactivo, no sea un problema, en especial para el Hospital. En concordancia con las Bases Administrativas y Especificaciones Técnicas de prevención de riesgos, anexos y aclaraciones que pudieran formularse que constituyen el referido llamado a Licitación Pública.;peligrosos;media (inferencia);CLP;PUBLICADO;ESTIMADO;8.800.000;Hospital Doctor Hernán Henríquez Aravena
3046-49-LE23;DL-36-BAM-202-JS-SERVICIO EXTR. RESIDUOS BAET-BAM;LE;Adjudicada a uno o varios proveedores;26/02/2024 10:34:00;SERVICIO DE EXTRACCIÓN DE RESIDUOS PARA LA BASE AEREA EL TEPUAL PUERTO MONTT Y BASE AÉREA MAQUEHUE TEMUCO;no peligrosos;alta;CLP;NO PUBLICADO;DISPONIBLE;Entre 100 y 1000 UTM;FUERZA AEREA DE CHILE COMANDO LOGISTICO
1057536-49-LE19;Servicio de Retiro de Residuos Domiciliarios;LE;Adjudicada a uno o varios proveedores;31/12/2019 11:09:16;La necesidad de retirar los residuos domiciliarios de las instalaciones del Ex Hospital Puerto Montt.;no peligrosos;alta;CLP;NO PUBLICADO;ESTIMADO;Entre 100 y 1000 UTM;Servicio de Salud del Reloncaví
531153-2-LE20;Servicio de Retiro de Residuos;LE;Adjudicada a uno o varios proveedores;17/02/2020 16:30:53;Existe la necesidad de contratar el servicio de retiro de residuos domésticos, residuos líquidos y residuos orgánicos durante el periodo 2020 del Regimiento de Artillería Nº 1 “Tacna”.;no peligrosos;alta;CLP;NO PUBLICADO;DISPONIBLE;Entre 100 y 1000 UTM;Ejército de Chile
531153-8-LE21;2da Retiro de Residuos;LE;Adjudicada a uno o varios proveedores;08/03/2021 16:57:38;Existe la necesidad de contratar el servicio de retiro de residuos domésticos, residuos líquidos y residuos orgánicos durante el periodo 2021 del Regimiento de Artillería Nº 1 “Tacna”.;no peligrosos;alta;CLP;NO PUBLICADO;DISPONIBLE;Entre 100 y 1000 UTM;COMANDO DE APOYO A LA FUERZA
4548-101-LQ21;“SERVICIO DE APOYO A LA RECOLECCIÓN, TRANSPORTE Y DISPOSICIÓN FINAL DE RESIDUOS SÓLIDOS DOMICILIARIOS EN LA COMUNA DE QUINTERO”. ;LQ;Adjudicada a uno o varios proveedores;19/11/2021 16:51:56;“SERVICIO DE APOYO A LA RECOLECCIÓN, TRANSPORTE Y DISPOSICIÓN FINAL DE RESIDUOS SÓLIDOS DOMICILIARIOS EN LA COMUNA DE QUINTERO”.   ;no peligrosos;alta;CLP;PUBLICADO;ESTIMADO;224.400.000;I MUNICIPALIDAD DE QUINTERO
2080-386-LE20;RETIRO, TRASLADO Y DISPOSICION RESIDUOS VEGETALES.;LE;Adjudicada a uno o varios proveedores;12/11/2020 16:34:53;Con el objeto de cumplir con su fin asistencial el Hospital, Establecimiento Autogestionado en Red, y acorde a la naturaleza de las prestaciones otorgadas por este a sus beneficiarios se requiere una oportuna e inmediata resolución de las atenciones, que no puede ser diferida en el tiempo, lo que nos compromete a disponer de los servicios directos e indirectos necesarios, para responder adecuadamente a la demanda asistencial.  En este contexto, resulta imprescindible para el Hospital, contar con un servicio de Retiro, Traslado y Disposición Final de Residuos Vegetales y Otros, suficientes para cubrir la demanda. Lo anterior, en mérito de dar cumplimiento a la Ley N° 19.886.  Dichos servicios, deberán ser prestados dentro de las instalaciones del Hospital Regional Libertador Bernardo O´Higgins.   Se deja constancia que, dado que no es factible determinar con anticipación la cantidad exacta de servicios, pero sugiere un promedio de 1 retiro mensual de 40 mts3 por evento.;no peligrosos;media (inferencia);CLP;NO PUBLICADO;DISPONIBLE;Entre 100 y 1000 UTM;SERVICIO DE SALUD DEL LIBERTADOR B O'HIGGINS HOSPITAL REG RANCAGUA
2099-5-LE23;RET. TRASL. Y DISP. FINAL RESIDUOS LAB. XII REGIÓN;LE;Adjudicada a uno o varios proveedores;07/02/2023 15:27:15;La Seremi de Salud de Magallanes requiere contratar el convenio de suministro de servicio de retiro, traslado, disposición final de residuos peligrosos y biológicos, líquidos y sólidos generados por ensayos químicos, microbiológicos y de toxinas marinas en los Laboratorios de la SEREMI de Salud Magallanes y Antártica Chilena a un sitio autorizado fuera de la región, dando cumplimiento al Decreto Supremo Nº 148/2004 del Ministerio de Salud y NCh 2979-2005 Sustancias Peligrosas, Segregación y embalaje/envase en el transporte terrestre.;peligrosos;alta;CLP;PUBLICADO;DISPONIBLE;9.000.000;SUBSECRETARIA DE SALUD PUBLICA
2080-257-LE24;Serv. Retirol Traslado y Disposición Res. Vegetal;LE;Adjudicada a uno o varios proveedores;15/07/2024 11:53:33;Con el objeto de cumplir con su fin asistencial el Hospital, Establecimiento Autogestionado en Red, y acorde a la naturaleza de las prestaciones otorgadas por este a sus beneficiarios, se requiere una oportuna e inmediata resolución de las atenciones, que no pueden ser diferidas en el tiempo, lo que nos compromete a disponer de los servicios necesarios para responder adecuadamente a la demanda asistencial.  En este contexto, también es primordial el mantener las condiciones sanitarias óptimas de las áreas verdes del establecimiento por lo que se hace necesaria la gestión de los residuos vegetales que se generen, impidiendo la acumulación de basura y posible aparición de vectores.  El retiro de los desechos vegetales deberá ser realizado en las dependencias del Hospital Dr. Franco Ravera Zunino, para su posterior traslado y disposición final en un vertedero autorizado.;no peligrosos;alta;CLP;NO PUBLICADO;ESTIMADO;Entre 100 y 1000 UTM;SERVICIO DE SALUD DEL LIBERTADOR B O'HIGGINS HOSPITAL REG RANCAGUA
3046-14-LE25;DL31BAM99 - MM SVCO EXTR. RESIDUOS BAET-BAMA;LE;Adjudicada a uno o varios proveedores;25/06/2025 11:19:00;SVCO DE EXTRACCION DE RESIDUOS BAET - BAMA;no peligrosos;alta;CLP;NO PUBLICADO;DISPONIBLE;Entre 100 y 1000 UTM;FUERZA AEREA DE CHILE COMANDO LOGISTICO
2099-9-L125;CONVENIO DE SUMINISTRO SERVICIO DE RETIRO, TRASLADO, DISPOSICIÓN FINAL DE RESIDUOS PELIGROSOS Y BIOLÓGICOS SEGÚN NORMATIVA VIGENTE PARA LOS LABORATORIOS DE LA SEREMI DE SALUD XII REGIÓN DE MAGALLANES Y ANTÁRTICA CHILENA;L1;Adjudicada a uno o varios proveedores;10/03/2025 11:52:40;convenio de suministro de servicio de retiro, traslado, disposición final de residuos peligrosos y biológicos, líquidos y sólidos generados por ensayos químicos, microbiológicos y de toxinas marinas en los Laboratorios de la SEREMI de Salud Magallanes y Antártica Chilena . Se cuenta para la ejecución de los servicios requeridos y durante el tiempo que dure el contrato, con un presupuesto disponible de $6.300.000.- (seis millones trescientos mil pesos), valor total con impuesto incluido;peligrosos;alta;CLP;PUBLICADO;DISPONIBLE;6.300.000;SUBSECRETARIA DE SALUD PUBLICA
531153-1-LE23;Retiro de residuos periodo 2023;LE;Adjudicada a uno o varios proveedores;08/02/2023 11:25:36;Que la necesidad de contratar el servicio de retiro de residuos domésticos, residuos líquidos y residuos orgánicos durante el periodo 2023 del Regimiento de Artillería Nº 1 “Tacna”.;no peligrosos;alta;CLP;NO PUBLICADO;DISPONIBLE;Entre 100 y 1000 UTM;COMANDO DE APOYO A LA FUERZA
2099-63-LE23;SERV. RETIRO RESIDUOS PELIGROSOS Y BIOLOGICOS XII;LE;Adjudicada a uno o varios proveedores;04/12/2023 15:37:00;La Seremi de Salud de Magallanes requiere contratar el convenio de suministro de servicio de retiro, traslado, disposición final de residuos peligrosos y biológicos, líquidos y sólidos generados por ensayos químicos, microbiológicos y de toxinas marinas en los Laboratorios de la SEREMI de Salud Magallanes y Antártica Chilena a un sitio autorizado fuera de la región, dando cumplimiento al Decreto Supremo Nº 1482004 y al Decreto Supremo Nº 242013, ambos del Ministerio de Salud.;peligrosos;alta;CLP;PUBLICADO;ESTIMADO;9.000.000;SUBSECRETARIA DE SALUD PUBLICA
531153-1-LE22;Retiro de residuos 2022;LE;Adjudicada a uno o varios proveedores;03/02/2022 15:49:27;Que, existe la necesidad de contratar el servicio de retiro de residuos domésticos, residuos líquidos y residuos orgánicos durante el periodo 2022 del Regimiento de Artillería Nº 1 “Tacna”.;no peligrosos;alta;CLP;NO PUBLICADO;DISPONIBLE;Entre 100 y 1000 UTM;COMANDO DE APOYO A LA FUERZA
411-102-LE24;SERVICIO DE RETIRO Y DISPOSICIÓN FINAL DE RESIDUOS VOLUMINOSOS ADC;LE;Adjudicada a uno o varios proveedores;20/11/2024 15:42:26;CONTRATACIÓN PARA EL SERVICIO DE RETIRO, TRANSPORTE Y DISPOSICIÓN FINAL AUTORIZADO DE RESIDUOS VOLUMINOSOS EN LA COMUNA DE ALTO DEL CARMEN;no peligrosos;alta;CLP;PUBLICADO;DISPONIBLE;22.892.100;ILUSTRE MUNICIPALIDAD DE ALTO DEL CARMEN
411-101-LE24;SERVICIO DE RETIRO Y DISPOSICÓN FINAL DE VIDRIOS;LE;Adjudicada a uno o varios proveedores;20/11/2024 15:23:38;CONTRATACIÓN PARA EL SERVICIO DE RETIRO, TRANSPORTE Y DISPOSICIÓN FINAL AUTORIZADO DE RESIDUOS DE VIDRIO EN LA COMUNA DE ALTO DEL CARMEN.;no peligrosos;media (inferencia);CLP;NO PUBLICADO;DISPONIBLE;Entre 100 y 1000 UTM;ILUSTRE MUNICIPALIDAD DE ALTO DEL CARMEN
5520-44-LR19;Serv. relativo a Residuos No Peligrosos;LR;Adjudicada a uno o varios proveedores;09/10/2019 13:04:21;Por el presente instrumento, IDIEM licita la contratación del servicio de arriendo de contenedores, retiro y disposición final de residuos sólidos industriales inertes a nivel nacional,  por un periodo de 24 meses o hasta la total utilización de los recursos destinados, cualquiera de las circunstancias que se verifique primero, según las características que se han definido en las presentes bases .;no peligrosos;alta;CLP;PUBLICADO;DISPONIBLE;286.000.000;Universidad de Chile
900-3-LE23;Servicio de Limpieza Camaras Desgrasadoras;LE;Adjudicada a uno o varios proveedores;25/01/2023 15:59:45;Los servicios requeridos para la Contratación del Servicio de Extracción de Residuos, Disposición Final y Limpieza de Cámaras Desgrasadoras y de Alcantarillado se detallan a continuación: -	Retiro y limpieza de residuos de cámaras desgrasadoras. -	Sanitación de sectores intervenidos. Se deben entregar Certificados de productos utilizados en la sanitización se encuentren autorizados y comprobados por un laboratorio acreditado, mínimo cada 6 meses. -	Disposición final de los desechos en las Instalaciones autorizadas ;no peligrosos;alta;CLP;NO PUBLICADO;ESTIMADO;Entre 100 y 1000 UTM;SERVICIO DE SALUD VALPARAISO SAN ANTONIO
4080-26-LP25;CONTRATO DE SUMINISTRO PARA LIMPIEZA DE FOSAS SÉPTICAS PARA FAMILIAS DE ESCASOS RECURSOS ECONÓMICOS DE LA COMUNA DE CABRERO;LP;Adjudicada a uno o varios proveedores;30/10/2025 17:26:27;Contratar servicio de suministro especializado de succión, retiro, transporte y disposición final de residuos acumulados en fosas sépticas domiciliarias, mediante un convenio de suministro con camiones autorizados y certificados, destinado a atender a familias de escasos recursos de la comuna de Cabrero derivadas por la Dirección de Desarrollo Comunitario, por un periodo de 24 meses;no peligrosos;alta;CLP;PUBLICADO;ESTIMADO;74.000.000;I MUNICIPALIDAD DE CABRERO
4080-7-LE21;Contrato de Suministro Limpieza de Fosas Sépticas - Readjudicada en Id 4080-7-R121;LE;Adjudicada a uno o varios proveedores;24/02/2021 17:36:00;Contar con un servicio de succión, retiro y transporte de residuos acumulados en fosas sépticas domiciliarias, por medio de un servicio especializado, prestado con, a lo menos 2 dos camiones equipados y autorizados, con certificados de disposición final en planta de tratamiento, para atender un promedio mensual de 30 familias casas. El Contrato de prestación del servicio regirá desde la firma del respectivo contrato y hasta el 31 de Diciembre de 2021.;no peligrosos;alta;CLP;PUBLICADO;DISPONIBLE;75.000;Ilustre Municipalidad de Cabrero
2660-42-LQ24;CONTRATO SUMINISTRO: DISPOSICION FINAL DE RSD 2024;LQ;Adjudicada a uno o varios proveedores;14/06/2024 09:49:21;Contratar la disposición final de Residuos Sólidos Domiciliarios, Voluminosos y asimilables. Se recibirán ofertas que consideren ya sea la disposición directa de estos en rellenos sanitarios o, la recepción de estos en estaciones de transferencia y su posterior disposición final. El Municipio será el encargado de recolección de los residuos y transporte al lugar de disposición adjudicación.;no peligrosos;alta;CLP;NO PUBLICADO;DISPONIBLE;Igual o superior a 2.000 UTM e inferior a 5.000 UTM ;I MUNICIPALIDAD DE ANCUD
4080-7-R121;Contrato de Suministro Limpieza de Fosas Sépticas;LE;Adjudicada a uno o varios proveedores;24/02/2021 17:36:00;Contar con un servicio de succión, retiro y transporte de residuos acumulados en fosas sépticas domiciliarias, por medio de un servicio especializado, prestado con, a lo menos 2 dos camiones equipados y autorizados, con certificados de disposición final en planta de tratamiento, para atender un promedio mensual de 30 familias casas. El Contrato de prestación del servicio regirá desde la firma del respectivo contrato y hasta el 31 de Diciembre de 2021.;no peligrosos;alta;CLP;NO PUBLICADO;DISPONIBLE;Entre 100 y 1000 UTM;Ilustre Municipalidad de Cabrero
3847-20-LQ21;CONCESION DE SERVICIO DE RECOLECCION Y DISPOSICIÓN;LQ;Adjudicada a uno o varios proveedores;05/04/2021 20:16:24;cuya finalidad es efectuar el retiro de los residuos domiciliarios dispuestos en los contenedores ubicados en diferentes puntos de las Localidades de Baquedano y Sierra Gorda,  incluidos los contenedores que  existen en la ruta 25 entre el sector de Hito Trópico de Capricornio y Cerritos Bayos y aquellos residuos generados en espacios públicos de ambas localidades. La correcta disposición de los residuos domiciliarios en el vertedero municipal y la administración de este. La mantención de las calles y pasajes de ambas localidades, en cuanto a barrido y limpieza de estas.;no peligrosos;alta;CLP;NO PUBLICADO;DISPONIBLE;Igual o superior a 2.000 UTM e inferior a 5.000 UTM ;Ilustre Municipalidad de Sierra Gorda
947750-11-LR21;RECOLECCION DE RSD SAN PEDRO DE ATACAMA;LR;Adjudicada a uno o varios proveedores;18/08/2021 15:26:15;La Municipalidad de San Pedro de Atacama busca entregar en concesión los servicios de recolección de residuos sólidos domiciliarios RSD generados en la comuna, su transporte hasta un sitio de disposición final, el aseo limpieza y barrido de espacios públicos de la comuna tales como plazas, parques de entretención y calles. En particular, se busca por un lado la recolección de residuos generados en las localidades de San Pedro de Atacama incluido sus Ayllus, Matancilla, Río Grande, Guatin, Catarpe, Machuca, Toconao, Talabre, Camar, Socaire y Peine. Posteriormente se debe considerar el traslado de los residuos hasta el Relleno Sanitario Municipal el cual cuenta con todos sus permisos y RCA al día para su disposición final. Por otro lado, se busca el barrido y limpieza de las calles del sector centro, plazas y parques de entretención de las localidades de San Pedro de Atacama y Toconao.;no peligrosos;alta;CLP;NO PUBLICADO;DISPONIBLE;Igual o superior a 5.000 UTM;I MUNICIPALIDAD DE SAN PEDRO DE ATACAMA
3015-52-LQ24;CONCESION DISPOSICIÓN FINAL DE RESIDUOS SOLIDOS;LQ;Adjudicada a uno o varios proveedores;05/08/2024 17:04:39;La presente Licitación tiene por objeto la contratación del servicio de disposición final de residuos sólidos provenientes de la recolección de residuos domiciliarios y servicios anexos, definidos en las especificaciones técnicas.;no peligrosos;alta;CLP;PUBLICADO;DISPONIBLE;392.000.000;I MUNICIPALIDAD DE LA CRUZ
4080-55-LE22;CONTRATO DE SUMINISTRO PARA LIMPIEZA DE FOSAS SÉPTICAS COMUNA DE CABRERO;LE;Adjudicada a uno o varios proveedores;07/12/2022 18:30:11;El objetivo de la contratación es contar con un servicio de succión, retiro y transporte de residuos acumulados en fosas sépticas domiciliarias, por medio de un servicio especializado, prestado con camiones de diferentes dimensiones, equipados y autorizados, con certificado de disposición final en planta de tratamiento, para atender en promedio unas 30 familias (casas) aproximadamente de forma mensual, por medio de asistencia social a familias de escasos recursos con domicilio en sector urbano y rural de la Comuna de Cabrero, derivadas por la Dirección de Desarrollo Comunitario. El Contrato de prestación del servicio regirá desde su respectiva aprobación (Enero 2023) y hasta el 31 de Diciembre de 2024. ;no peligrosos;alta;CLP;PUBLICADO;ESTIMADO;50.000.000;I MUNICIPALIDAD DE CABRERO
900-17-LE24;Servicio Limpieza de Fosas y Camaras Desgrasadoras HDS;LE;Adjudicada a uno o varios proveedores;12/04/2024 17:27:00;Los servicios requeridos para la Contratación del Servicio de Extracción de Residuos, Disposición Final y Limpieza de Cámaras Desgrasadoras y de Alcantarillado se detallan a continuación: -	Retiro y limpieza de residuos de cámaras desgrasadoras. -	Sanitación de sectores intervenidos. Se deben entregar Certificados de productos utilizados en la sanitización se encuentren autorizados y comprobados por un laboratorio acreditado, mínimo cada 6 meses. -	Disposición final de los desechos en las Instalaciones autorizadas ;no peligrosos;alta;CLP;NO PUBLICADO;ESTIMADO;Entre 100 y 1000 UTM;SERVICIO DE SALUD VALPARAISO SAN ANTONIO
4080-40-LE24;CONTRATO DE SUMINISTRO PARA LIMPIEZA DE FOSAS SÉPTICAS PARA FAMILIAS DE ESCASOS RECURSOS ECONÓMICOS DE LA COMUNA DE CABRERO;LE;Adjudicada a uno o varios proveedores;12/11/2024 18:14:07;El objetivo de la contratación es contar con un servicio de succión, retiro y transporte de residuos acumulados en fosas sépticas domiciliarias, por medio de un servicio especializado, prestado con camiones de diferentes dimensiones, equipados y autorizados, con certificado de disposición final en planta de tratamiento, para atender en promedio unas 30 familias (casas) aprox. de forma mensual.;no peligrosos;alta;CLP;PUBLICADO;ESTIMADO;35.000.000;I MUNICIPALIDAD DE CABRERO
840405-5-LR21;CONCESION DEL SERVICIO DE BARRIDO DE CALLES, RECOLECCION, TRANSPORTE Y DISPOSICION FINAL DE RESIDUOS SOLIDOS DOMICILIARIOS DE LA COMUNA DE RIO CLARO;LR;Adjudicada a uno o varios proveedores;23/04/2021 18:41:00;ES OTORGAR LA CONCESION DEL SERVICIO DE BARRIDO DE CALLES, RECOLECCION, TRANSPORTE Y DISPOSICION FINAL DE RESIDUOS SOLIDOS DOMICILIARIOS DE LA COMUNA DE RIO CLARO SEGUN LAS BASES APROBADAS;no peligrosos;alta;CLP;NO PUBLICADO;ESTIMADO;Igual o superior a 5.000 UTM;I MUNICIPALIDAD DE RIO CLARO
